timestamp,cell_id,metric_type,latency_ms,throughput_mbps,packet_loss_percent,jitter_ms,rtt_ms,call_setup_success_rate,data_session_success_rate,handover_success_rate,call_drop_rate,cpu_utilization_percent,memory_utilization_percent,bandwidth_utilization_percent,disk_utilization_percent
2025-08-11 08:09:18.549630,CELL_0085,resource_utilization,,,,,,,,,,68.57322707592732,61.68797543769263,68.29050020418711,24.38861694127234
2025-08-11 08:09:18.549630,CELL_0085,service_quality,,,,,,99.57956490914374,96.01927761279595,99.19665608986784,0.24065666775686562,,,,
2025-08-11 08:09:18.549630,CELL_0085,network_performance,12.56886612247172,169.85127903440673,0.5872649943549195,1.6577906902699295,24.68674682271631,,,,,,,,
2025-08-11 08:09:18.549630,CELL_0093,resource_utilization,,,,,,,,,,33.48823948285291,79.56344558238621,84.54266133199715,31.939661460284338
2025-08-11 08:09:18.549630,CELL_0093,service_quality,,,,,,96.8749461223419,99.30607039452912,97.65834143959255,0.4744718546465653,,,,
2025-08-11 08:09:18.549630,CELL_0093,network_performance,10.453693401428215,171.9991877760954,0.3439949249715829,2.090525911856945,22.929697978775362,,,,,,,,
2025-08-11 08:09:18.549630,CELL_0065,resource_utilization,,,,,,,,,,38.45522766872145,78.545899803645,87.26509076102502,37.4446132193966
2025-08-11 08:09:26.779643,CELL_0033,service_quality,,,,,,96.91826349858802,98.0255988183377,97.9712999198448,0.3585702070343596,,,,
2025-08-11 08:09:26.779643,CELL_0033,network_performance,41.47959120356176,150.2950005451053,0.4476882039912579,1.4722175863293798,84.94249450270671,,,,,,,,
2025-08-11 08:09:26.779643,CELL_0033,resource_utilization,,,,,,,,,,15.312301160648754,68.35234504765116,100,42.43878918980027
2025-08-11 08:09:26.779643,CELL_0019,service_quality,,,,,,99.62139579034863,100,98.32908158932845,0.47136816443123164,,,,
2025-08-11 08:09:26.779643,CELL_0019,resource_utilization,,,,,,,,,,44.43922942130579,63.4810904208801,71.92944394625238,26.39355744164814
2025-08-11 08:09:26.779643,CELL_0019,network_performance,18.39486093376486,142.52615957752923,0.54391831619178,1.7915383755613252,35.86572478348645,,,,,,,,
2025-08-11 08:09:26.779643,CELL_0069,network_performance,17.05642276275651,159.01129009674955,0.5425520617805106,1.177582165371402,35.36042808743234,,,,,,,,
2025-08-11 08:09:26.779643,CELL_0069,resource_utilization,,,,,,,,,,39.672838918922565,69.55200254485757,97.85143773524717,40.57644064034021
2025-08-11 08:09:26.779643,CELL_0088,network_performance,13.062256314479772,159.73539472679485,0.3578913653728386,1.4374691519157823,23.781125378820775,,,,,,,,
2025-08-11 08:09:26.779643,CELL_0088,resource_utilization,,,,,,,,,,42.620838021560765,69.8238289613652,33.58006592066352,27.386397338381848
2025-08-11 08:09:26.779643,CELL_0090,service_quality,,,,,,99.36113993790073,97.04709036529334,96.91635823858628,0.313352257021455,,,,
2025-08-11 08:09:26.779643,CELL_0090,network_performance,15.192831366941158,125.82776427300037,0.5511502791284494,2.5492199780718297,29.47080631321453,,,,,,,,
2025-08-11 08:09:26.779643,CELL_0090,resource_utilization,,,,,,,,,,48.23234409581517,66.69477483053441,85.32944325988784,28.54557142490532
2025-08-11 08:09:36.786375,CELL_0079,network_performance,70.375234014057,147.98783601434792,1.5388250807294057,2.2717114401988168,141.85433610431835,,,,,,,,
2025-08-11 08:09:36.786375,CELL_0079,service_quality,,,,,,100,100,100,0.36013646700667235,,,,
2025-08-11 08:09:36.786375,CELL_0016,resource_utilization,,,,,,,,,,29.61948440963358,41.460919651451206,72.22532873810563,22.451705355328613
2025-08-11 08:09:36.786375,CELL_0016,service_quality,,,,,,97.07448603990683,98.10517616970557,98.62426648052444,0.3693804109965708,,,,
2025-08-11 08:09:36.786375,CELL_0016,network_performance,15.818905635325454,100.19779480116281,0.3141451840802596,2.490262688604042,29.950562091957377,,,,,,,,
2025-08-11 08:09:36.786375,CELL_0039,network_performance,15.264155324043793,119.16008639932838,0.5872863502593877,2.31503505173338,31.81824245705413,,,,,,,,
2025-08-11 08:09:36.786375,CELL_0039,service_quality,,,,,,97.7478182601912,96.04626939313262,99.40684486121476,0.30797557527808533,,,,
2025-08-11 08:09:46.789756,CELL_0051,service_quality,,,,,,97.08558875080017,93.86349829289134,99.91606155283144,0.3830815126576264,,,,
2025-08-11 08:09:46.789756,CELL_0091,resource_utilization,,,,,,,,,,42.15718735786308,32.523143265417644,100,14.604935506848935
2025-08-11 08:09:46.789756,CELL_0091,service_quality,,,,,,97.2159024982297,96.27317782776242,100,0.4533639562323809,,,,
2025-08-11 08:09:46.789756,CELL_0091,network_performance,11.384152858913637,170.08858839595845,0.6873996650512899,1.7179583363248636,24.440065322859148,,,,,,,,
2025-08-11 08:09:46.789756,CELL_0019,resource_utilization,,,,,,,,,,42.05927614154109,52.36418168789943,100,34.08020368615891
2025-08-11 08:09:46.789756,CELL_0019,service_quality,,,,,,100,96.11225718374246,98.55851302934715,0.39060116166494957,,,,
2025-08-11 08:09:46.789756,CELL_0002,resource_utilization,,,,,,,,,,57.210414569994285,68.97929737899176,86.0712633353038,44.75874323070297
2025-08-11 08:09:46.789756,CELL_0002,network_performance,9.852291216471563,151.0405282206799,0.9308145589303474,0.7937768592935921,18.820721670047075,,,,,,,,
2025-08-11 08:09:46.789756,CELL_0084,resource_utilization,,,,,,,,,,48.0298330259482,71.89866684381558,91.12034127453327,26.500929671953955
2025-08-11 08:09:46.789756,CELL_0014,resource_utilization,,,,,,,,,,27.677876942542795,69.82411788666631,63.79777963649763,36.34824522205528
2025-08-11 08:09:46.789756,CELL_0014,network_performance,16.39316951455348,124.07413331254355,0.45563651765004787,2.235619536655666,32.631769447231235,,,,,,,,
2025-08-11 08:09:46.789756,CELL_0027,network_performance,15.45573752220634,211.45835883594214,0.6776358206763358,1.9666680015786155,30.58861472188497,,,,,,,,
2025-08-11 08:09:46.789756,CELL_0027,resource_utilization,,,,,,,,,,35.959103585300355,46.587066072121836,50.09456514729308,35.798241987662706
2025-08-11 08:09:46.789756,CELL_0027,service_quality,,,,,,96.91396630355983,98.22726451433475,98.05745213541701,0.2944714325869123,,,,
2025-08-11 08:09:55.031941,CELL_0050,service_quality,,,,,,96.40280653142057,97.63398009682592,99.93121249682353,0.327310102772526,,,,
2025-08-11 08:09:55.031941,CELL_0050,network_performance,14.236759142979544,211.0441697285565,0.10047986195450714,1.7278505729324083,30.364681662603267,,,,,,,,
2025-08-11 08:09:55.031941,CELL_0050,resource_utilization,,,,,,,,,,34.28492926965059,40.674739277933156,96.5395784287085,28.853443658398717
2025-08-11 08:09:55.031941,CELL_0064,service_quality,,,,,,97.58911542678871,98.78868082318226,97.71723567875127,0.29955543582517813,,,,
2025-08-11 08:09:55.031941,CELL_0064,resource_utilization,,,,,,,,,,56.49695075979388,51.271116825978154,33.1810430387113,33.10992861117635
2025-08-11 08:09:55.031941,CELL_0064,network_performance,16.776399266064583,119.91631994449546,0.3984616375974437,0.7419956371671921,33.40249471683567,,,,,,,,
2025-08-11 08:09:55.031941,CELL_0098,service_quality,,,,,,99.67814861679925,98.53038760083125,98.96906402528226,0.218809552812463,,,,
2025-08-11 08:09:55.031941,CELL_0010,resource_utilization,,,,,,,,,,52.698911661390206,63.76229027053262,66.78192619148263,23.476240951389425
2025-08-11 08:09:55.031941,CELL_0010,service_quality,,,,,,98.41261904212062,97.16796360838835,97.99925065163609,0.24949578420264093,,,,
2025-08-11 08:09:55.031941,CELL_0010,network_performance,11.37578557919802,156.31538936044169,0.6970069543889603,1.5304755780189727,22.414148937530143,,,,,,,,
2025-08-11 08:09:55.031941,CELL_0067,network_performance,18.699112914738308,120.55460879117898,0.3937778515696727,1.6122384294693988,38.17209860798771,,,,,,,,
2025-08-11 08:09:55.031941,CELL_0067,service_quality,,,,,,97.77111070623528,96.77307957964126,100,0.3124710550059318,,,,
2025-08-11 08:09:55.031941,CELL_0073,network_performance,10.237313746345738,92.5160344331325,0.3710982574864995,3.0392778807763703,20.81493170582566,,,,,,,,
2025-08-11 08:09:55.031941,CELL_0073,service_quality,,,,,,99.24460687854702,99.62677157521252,99.31649096911914,0.19627974946613672,,,,
2025-08-11 08:10:05.037131,CELL_0097,service_quality,,,,,,98.8989698108655,100,98.46298249225747,0.33398816007857746,,,,
2025-08-11 08:10:05.037131,CELL_0097,network_performance,13.843801377670674,160.9379080104236,0.2474384494628078,2.194771000203556,26.98755804584482,,,,,,,,
2025-08-11 08:10:05.037131,CELL_0023,service_quality,,,,,,100,97.84939160298507,99.64129360559362,0.3209950974279005,,,,
2025-08-11 08:10:05.037131,CELL_0023,network_performance,16.156880401701386,123.40573841027317,0.8269712095155641,1.99159005350517,30.226568869833724,,,,,,,,
2025-08-11 08:10:05.037131,CELL_0023,resource_utilization,,,,,,,,,,54.93072669264406,57.48112885875889,36.741663905154795,28.179457526485496
2025-08-11 08:10:05.037131,CELL_0054,network_performance,14.06402861258044,144.6585312738503,0.24049740995212482,1.9127078777941189,28.980377592536406,,,,,,,,
2025-08-11 08:10:05.037131,CELL_0054,service_quality,,,,,,97.3064622782088,97.86890825536913,98.96268715472257,0.4153705384928769,,,,
2025-08-11 08:10:05.037131,CELL_0010,service_quality,,,,,,100,100,98.7931875031972,0.24422050272605098,,,,
2025-08-11 08:10:05.037131,CELL_0010,resource_utilization,,,,,,,,,,68.77186557318537,70.12066176620061,7.820985552386411,19.428212055594415
2025-08-11 08:10:05.037131,CELL_0010,network_performance,15.176982476984808,157.270583716354,0.3910709599268384,2.738549716251269,30.05427800008939,,,,,,,,
2025-08-11 08:10:15.038880,CELL_0099,network_performance,19.175481844546084,212.7279457969186,0.5936158703102595,2.2234758540829986,37.1326354063446,,,,,,,,
2025-08-11 08:10:15.038880,CELL_0099,resource_utilization,,,,,,,,,,41.47338888507289,66.59993974555184,69.38339330398357,38.42052226514891
2025-08-11 08:10:15.038880,CELL_0023,service_quality,,,,,,98.15763654966645,100,96.62229942890586,0.2804134455373273,,,,
2025-08-11 08:10:15.038880,CELL_0023,resource_utilization,,,,,,,,,,27.544747771325493,70.57905434567608,63.395904788575315,43.532439275966276
2025-08-11 08:10:15.038880,CELL_0023,network_performance,8.097890780079108,140.54702299920197,0.6217475377638073,2.0020558058192512,16.85629249156545,,,,,,,,
2025-08-11 08:10:15.038880,CELL_0063,resource_utilization,,,,,,,,,,29.274675472660288,27.20819492015098,79.41328993180805,36.54550185553831
2025-08-11 08:10:15.038880,CELL_0063,service_quality,,,,,,98.20867166528873,100,97.3506115859601,0.31428492433602,,,,
2025-08-11 08:10:15.038880,CELL_0013,network_performance,15.471256869510896,101.9824629002486,0.3030201958083648,2.1132126560249813,30.292748267736993,,,,,,,,
2025-08-11 08:10:15.038880,CELL_0013,service_quality,,,,,,96.70812162564594,97.33813914004294,98.4260483003115,0.2987687005522984,,,,
2025-08-11 08:10:23.244153,CELL_0018,resource_utilization,,,,,,,,,,54.35337718091726,44.01036100538711,33.73077345446356,33.28994332268349
2025-08-11 08:10:23.244153,CELL_0018,service_quality,,,,,,100,98.2171636710511,98.65045472665321,0.15416252185472543,,,,
2025-08-11 08:10:23.244153,CELL_0090,network_performance,20.800350671464738,137.24998387623015,0.638033330131776,1.969406503672769,43.651551688143655,,,,,,,,
2025-08-11 08:10:23.244153,CELL_0090,service_quality,,,,,,98.74256853215363,100,99.07984586263896,0.2911531383402866,,,,
2025-08-11 08:10:23.244153,CELL_0090,resource_utilization,,,,,,,,,,41.70066650516279,59.54613799957449,57.551312939535705,18.1492934995217
2025-08-11 08:10:23.244153,CELL_0086,service_quality,,,,,,97.50795536859293,95.68616515835899,99.37879142256658,0.3136646210343616,,,,
2025-08-11 08:10:23.244153,CELL_0093,service_quality,,,,,,99.09930530110884,94.09049930334876,99.2120132173972,0.4245689008112751,,,,
2025-08-11 08:10:23.244153,CELL_0093,resource_utilization,,,,,,,,,,68.45108447798296,60.86563571587569,97.02478465122095,31.72450417762442
2025-08-11 08:10:23.244153,CELL_0093,network_performance,10.804204920759265,156.55899925143018,0.9271663271237005,1.5355151728059302,21.548828028388854,,,,,,,,
2025-08-11 08:10:23.244153,CELL_0011,network_performance,14.91016795781899,169.81562898667974,0.11204422412428805,1.678761027494831,32.080577026141746,,,,,,,,
2025-08-11 08:10:23.244153,CELL_0011,service_quality,,,,,,97.76784248209921,96.42946179961714,99.09070549815563,0.2665503655204208,,,,
2025-08-11 08:10:23.244153,CELL_0075,service_quality,,,,,,98.81401400674756,100,99.20313995132223,0.15719303733021803,,,,
2025-08-11 08:10:23.244153,CELL_0075,network_performance,14.624583962987812,176.03940885181936,0.44252915783864494,2.8136047358226075,32.04445365176713,,,,,,,,
2025-08-11 08:10:23.244153,CELL_0051,resource_utilization,,,,,,,,,,34.30658118463119,86.65779805957374,62.19894986426511,35.86732927053715
2025-08-11 08:10:23.244153,CELL_0051,network_performance,17.418605911063047,161.23062838496799,0.4003990590463902,2.828592433262737,35.29438474528135,,,,,,,,
2025-08-11 08:10:23.244153,CELL_0051,service_quality,,,,,,98.80520364790071,99.83071812288993,99.52894148256136,0.5460538470017761,,,,
2025-08-11 08:10:33.253804,CELL_0011,resource_utilization,,,,,,,,,,57.66051520529234,33.416562959482754,43.68912815890849,36.810811804146326
2025-08-11 08:10:33.253804,CELL_0010,network_performance,9.316403165145854,134.98164544004305,0.8377750277345706,0.6191540455380318,17.729992826125702,,,,,,,,
2025-08-11 08:10:33.253804,CELL_0036,network_performance,12.557074150860306,169.15229314794914,0.39602770619505945,1.549988857172387,24.87403538671665,,,,,,,,
2025-08-11 08:10:33.253804,CELL_0036,resource_utilization,,,,,,,,,,53.29455072448084,85.03232580404342,86.26408234608209,34.24751849554251
2025-08-11 08:10:43.255426,CELL_0003,service_quality,,,,,,99.81646998631977,99.63327748922603,99.1966043115599,0.28450592029823696,,,,
2025-08-11 08:10:43.255426,CELL_0003,network_performance,18.251732369591863,171.29236599578059,0.564108386562594,2.3922660851252635,35.719277231382584,,,,,,,,
2025-08-11 08:10:43.255426,CELL_0003,resource_utilization,,,,,,,,,,47.618320770370076,74.6151906524974,78.16695286847923,11.222477013089033
2025-08-11 08:10:43.255426,CELL_0035,service_quality,,,,,,97.71579368184737,97.58002876464458,97.10179819323584,0.2695811959454568,,,,
2025-08-11 08:10:43.255426,CELL_0035,network_performance,15.904274992572459,173.63376971574468,0.6267477362170845,1.9765296090422075,32.054456939670814,,,,,,,,
2025-08-11 08:10:43.255426,CELL_0071,network_performance,16.407830089609877,187.38646172983604,0.6240976498724005,3.111267382897811,34.755251914651446,,,,,,,,
2025-08-11 08:10:43.255426,CELL_0071,resource_utilization,,,,,,,,,,21.886641196965392,72.86728028886812,72.63294153216745,36.0687276998726
2025-08-11 08:10:43.255426,CELL_0057,resource_utilization,,,,,,,,,,60.77757330218891,50.74538800526955,82.3744586789994,21.89386007504427
2025-08-11 08:10:43.255426,CELL_0057,network_performance,13.110410281015808,154.57208764875756,0.4894160124530219,2.204797225330656,27.677682445798578,,,,,,,,
2025-08-11 08:10:43.255426,CELL_0057,service_quality,,,,,,96.69551441616811,96.46902126541761,99.42014147203938,0.21229492118568932,,,,
2025-08-11 08:10:51.498592,CELL_0023,resource_utilization,,,,,,,,,,70.35027049038244,72.21293147598358,71.84395174638689,40.93484222483107
2025-08-11 08:10:51.498592,CELL_0023,service_quality,,,,,,99.29098121726746,99.26976165718108,99.34002077420348,0.16289452181454944,,,,
2025-08-11 08:10:51.498592,CELL_0060,network_performance,13.245353007728944,202.9317071573051,0.6939014930835985,1.7663482816267355,26.374381228109385,,,,,,,,
2025-08-11 08:10:51.498592,CELL_0032,service_quality,,,,,,96.0464965703119,99.86870964093254,99.24852695645156,0.2684056409115132,,,,
2025-08-11 08:11:01.499364,CELL_0058,resource_utilization,,,,,,,,,,37.49283109674799,79.40027568958305,76.38137870213538,36.36746534893251
2025-08-11 08:11:01.499364,CELL_0058,network_performance,12.50407634986097,178.33097583650652,0.4934558986468547,1.881836689014169,25.425830077002985,,,,,,,,
2025-08-11 08:11:01.499364,CELL_0058,service_quality,,,,,,97.64116999380617,97.37100814327394,98.07110645390922,0,,,,
2025-08-11 08:11:01.499364,CELL_0024,service_quality,,,,,,98.96686779671602,95.9306049453972,98.92662692072788,0.43773796668581305,,,,
2025-08-11 08:11:01.499364,CELL_0098,network_performance,15.955834056544276,120.41226125160915,0.41528833746013977,2.491752759013974,30.950429122602028,,,,,,,,
2025-08-11 08:11:01.499364,CELL_0098,resource_utilization,,,,,,,,,,41.938638580387604,53.00201204020033,98.19092469336721,30.600690217423924
2025-08-11 08:11:01.499364,CELL_0098,service_quality,,,,,,100,95.61452534935071,99.66398374673952,0.4604300458189833,,,,
2025-08-11 08:11:01.499364,CELL_0053,resource_utilization,,,,,,,,,,59.47052886445576,65.81686235546768,51.13824520039536,32.99690520855482
2025-08-11 08:11:01.499364,CELL_0053,network_performance,18.52224496567616,139.3495625735107,0.5845082680840914,2.7255379172012844,36.13689094555426,,,,,,,,
2025-08-11 08:11:01.499364,CELL_0053,service_quality,,,,,,99.7600897630852,99.78382946245384,99.79537339490334,0.16123980932447035,,,,
2025-08-11 08:11:01.499364,CELL_0029,resource_utilization,,,,,,,,,,49.29774956490649,22.837569194160523,89.51329987359188,41.27164400034302
2025-08-11 08:11:01.499364,CELL_0029,service_quality,,,,,,100,99.28198325090837,99.57655503000589,0.32224513145972883,,,,
2025-08-11 08:11:11.500192,CELL_0086,service_quality,,,,,,99.69187196363887,99.0672174078693,97.65106603636934,0.5333802942899252,,,,
2025-08-11 08:11:11.500192,CELL_0086,network_performance,20.403587840164242,183.98300950786552,0.8644282723342512,2.571031895607002,39.79806088866007,,,,,,,,
2025-08-11 08:11:11.500192,CELL_0086,resource_utilization,,,,,,,,,,66.07131500205742,34.15634493190792,81.85071387695113,26.276797265639047
2025-08-11 08:11:11.500192,CELL_0018,network_performance,16.08683668639921,198.63349015418441,0.33284449348679734,1.928538075266953,31.945112134694433,,,,,,,,
2025-08-11 08:11:11.500192,CELL_0018,service_quality,,,,,,100,95.38649027156511,98.0209655091655,0.030716049693683467,,,,
2025-08-11 08:11:11.500192,CELL_0062,resource_utilization,,,,,,,,,,18.618907516255717,25.975184023798235,82.53662174482612,30.54742045275255
2025-08-11 08:11:11.500192,CELL_0062,network_performance,11.906303872535144,224.9679773045945,0.39352851702396646,2.465712254459493,25.046986645934425,,,,,,,,
2025-08-11 08:11:11.500192,CELL_0062,service_quality,,,,,,100,96.11876327748764,98.77016885188266,0.36187181869449503,,,,
2025-08-11 08:11:11.500192,CELL_0095,service_quality,,,,,,99.76535185680018,97.46876240092327,97.98652060763055,0.0766793872565284,,,,
2025-08-11 08:11:11.500192,CELL_0095,network_performance,12.33744999422412,130.34315311063068,0.3957162515201793,1.919173910656488,24.473258552870128,,,,,,,,
2025-08-11 08:11:11.500192,CELL_0037,network_performance,16.29291653445283,133.6265296795845,0.538920674243833,2.437101603695983,33.232199309255826,,,,,,,,
2025-08-11 08:11:11.500192,CELL_0037,service_quality,,,,,,100,99.0213391881286,98.09354210726751,0.35441425208989696,,,,
2025-08-11 08:11:11.500192,CELL_0015,network_performance,15.818708395269665,170.9668370242131,0,2.0763020505772563,32.84663693730386,,,,,,,,
2025-08-11 08:11:19.714749,CELL_0014,service_quality,,,,,,97.98096004252957,98.04458865764305,99.35021553211119,0.29889004563666555,,,,
2025-08-11 08:11:19.714749,CELL_0014,network_performance,58.01085435296759,130.52757750019813,2.6857351202626747,2.2951767430704964,115.87086816091937,,,,,,,,
2025-08-11 08:11:19.714749,CELL_0091,network_performance,12.623706882507902,179.20612126865058,0.29370586789166253,1.4035808867417081,24.21963329758916,,,,,,,,
2025-08-11 08:11:19.714749,CELL_0091,service_quality,,,,,,96.55809314246424,97.49316093705326,98.81505074099468,0.33422556716263185,,,,
2025-08-11 08:11:19.714749,CELL_0091,resource_utilization,,,,,,,,,,33.387713471702284,62.65510797190639,100,35.740968462556914
2025-08-11 08:11:19.714749,CELL_0033,service_quality,,,,,,98.25342514859533,96.97722511968706,99.40009149477567,0.3834373988642971,,,,
2025-08-11 08:11:19.714749,CELL_0033,network_performance,14.788614801002966,120.24276771154216,0.16514997487175237,2.045846075808732,31.514317829299568,,,,,,,,
2025-08-11 08:11:19.714749,CELL_0001,service_quality,,,,,,98.67400008391608,98.0298983535488,99.91147062242919,0.2773608718370479,,,,
2025-08-11 08:11:19.714749,CELL_0001,network_performance,13.453532813469675,122.2596635043418,0.2495647769467127,3.053230441522551,27.215720935030472,,,,,,,,
2025-08-11 08:11:19.714749,CELL_0001,resource_utilization,,,,,,,,,,27.63756703556264,74.99426826077642,90.15859122267895,32.625972644879425
2025-08-11 08:11:29.715701,CELL_0086,network_performance,16.339577339018277,136.08473674385164,0.47642382713187786,1.479286452959819,31.446324711321225,,,,,,,,
2025-08-11 08:11:29.715701,CELL_0086,service_quality,,,,,,99.72588684925205,95.92752911628264,99.51486241687992,0.3986371494564212,,,,
2025-08-11 08:11:29.715701,CELL_0086,resource_utilization,,,,,,,,,,63.38808439853141,48.234388777728476,100,23.34431203575209
2025-08-11 08:11:29.715701,CELL_0076,network_performance,15.255551887000188,186.60415436902483,0.46484809875001953,1.982044576454294,29.90129146427622,,,,,,,,
2025-08-11 08:11:29.715701,CELL_0076,resource_utilization,,,,,,,,,,35.98786883573618,46.99260000300456,41.708700128334456,41.96281241683237
2025-08-11 08:11:29.715701,CELL_0076,service_quality,,,,,,99.29862248363371,98.04300468482036,98.24412891404278,0.5001026283807076,,,,
2025-08-11 08:11:29.715701,CELL_0092,service_quality,,,,,,96.8412711093978,97.13045968478586,99.3267227164901,0.32433323573789063,,,,
2025-08-11 08:11:29.715701,CELL_0092,network_performance,19.030135772746398,172.52559976519768,0.5137676478062477,1.943560878361706,38.2537232873782,,,,,,,,
2025-08-11 08:11:29.715701,CELL_0092,resource_utilization,,,,,,,,,,35.574020129169824,8.294707223961836,100,29.941948813129354
2025-08-11 08:11:29.715701,CELL_0043,service_quality,,,,,,97.89137097898998,98.53650796909109,99.52464063003015,0.3598914696690551,,,,
2025-08-11 08:11:29.715701,CELL_0043,network_performance,17.987500866286588,143.45441639138713,0.6715236191605877,2.540446529865335,35.24695932098026,,,,,,,,
2025-08-11 08:11:29.715701,CELL_0043,resource_utilization,,,,,,,,,,41.46791420335048,51.40836966334507,74.30724283115495,21.456408693651646
2025-08-11 08:11:39.718527,CELL_0030,service_quality,,,,,,98.53880961896604,100,98.29768264147609,0.14397149732772202,,,,
2025-08-11 08:11:39.718527,CELL_0047,network_performance,12.848970624747562,152.6083850734754,0.5284635126883778,1.9143795513895867,23.974520747867743,,,,,,,,
2025-08-11 08:11:39.718527,CELL_0047,service_quality,,,,,,99.78185658869094,98.9698371066448,98.29040722954187,0.3332246102700863,,,,
2025-08-11 08:11:39.718527,CELL_0047,resource_utilization,,,,,,,,,,43.657171749433964,35.249959531165345,46.11072825746074,37.04649454669199
2025-08-11 08:11:39.718527,CELL_0077,network_performance,18.547867578922194,152.49666827569655,0.5822862291544513,2.5542017464253473,36.4676221506046,,,,,,,,
2025-08-11 08:11:39.718527,CELL_0077,resource_utilization,,,,,,,,,,42.38614750842052,66.92973796428014,27.48945075575044,24.729521920244345
2025-08-11 08:11:39.718527,CELL_0077,service_quality,,,,,,98.0857068178078,94.67415446823166,99.31286009165453,0.320694558041614,,,,
2025-08-11 08:11:39.718527,CELL_0052,resource_utilization,,,,,,,,,,60.90323379356448,58.39899613402602,83.37022259063363,28.030337845525278
2025-08-11 08:11:39.718527,CELL_0040,network_performance,13.444675521415848,112.44388213702234,0.3289884909214542,1.093751916672917,25.888939825787247,,,,,,,,
2025-08-11 08:11:47.961114,CELL_0035,network_performance,30.735244166038704,152.70321917624474,4.421416663231248,2.197034315499579,62.43331801763683,,,,,,,,
2025-08-11 08:11:47.961114,CELL_0035,service_quality,,,,,,99.03450155719237,100,99.15290334730487,0.41177467807523255,,,,
2025-08-11 08:11:47.961114,CELL_0047,service_quality,,,,,,100,98.88100675181566,98.90906047775142,0.4212753293702673,,,,
2025-08-11 08:11:47.961114,CELL_0047,network_performance,17.00236604469849,130.12914715206162,0.585110311086229,2.4866168067649235,33.202122606398675,,,,,,,,
2025-08-11 08:11:47.961114,CELL_0047,resource_utilization,,,,,,,,,,5.842299574034719,61.042419449377505,75.66534658560921,21.425662077868097
2025-08-11 08:11:47.961114,CELL_0025,service_quality,,,,,,98.92763689885334,97.1421716184499,99.27017723659336,0.40869225915759866,,,,
2025-08-11 08:11:47.961114,CELL_0025,resource_utilization,,,,,,,,,,52.764024016118285,63.15136021486457,61.953002812845206,37.50512121693582
2025-08-11 08:11:57.961806,CELL_0044,resource_utilization,,,,,,,,,,40.3865384711364,57.11437562263153,75.54490655275812,36.77080753309002
2025-08-11 08:11:57.961806,CELL_0044,network_performance,17.627669701661866,153.97152394797783,0.5906667700585861,1.5522081173168456,35.380921022544385,,,,,,,,
2025-08-11 08:11:57.961806,CELL_0016,network_performance,13.724344427568706,159.96715032302848,0.5799819851320488,2.6210792800152873,27.515776370737512,,,,,,,,
2025-08-11 08:11:57.961806,CELL_0016,service_quality,,,,,,96.39791486956659,99.62074544998775,99.80012919845355,0.18138556529495864,,,,
2025-08-11 08:11:57.961806,CELL_0046,service_quality,,,,,,100,97.71418567428873,98.48628925884023,0.37840798204236903,,,,
2025-08-11 08:11:57.961806,CELL_0046,network_performance,14.67811181203214,160.08183998116132,0.7866141205381441,2.205412953063572,28.235310013892164,,,,,,,,
2025-08-11 08:12:07.962226,CELL_0092,service_quality,,,,,,98.60823411755145,97.5481433208343,98.83923475597109,0.30845116685935325,,,,
2025-08-11 08:12:07.962226,CELL_0092,resource_utilization,,,,,,,,,,44.94255426436367,70.74527804590576,77.52586383221957,34.86637518770258
2025-08-11 08:12:07.962226,CELL_0092,network_performance,17.186899255486384,150.47009416846822,0.4537498336295335,2.50792046192264,34.46367186660431,,,,,,,,
2025-08-11 08:12:07.962226,CELL_0060,network_performance,14.10990869485956,206.80970740605656,0.38765339354756834,1.970831155714121,28.12647697955201,,,,,,,,
2025-08-11 08:12:07.962226,CELL_0060,service_quality,,,,,,96.42493947559157,96.29430450414615,100,0.22776934938810486,,,,
2025-08-11 08:12:07.962226,CELL_0060,resource_utilization,,,,,,,,,,33.89266290380228,38.7775623473924,24.91801314531748,29.414977528859634
2025-08-11 08:12:07.962226,CELL_0035,resource_utilization,,,,,,,,,,40.01045470671995,68.7759436945112,25.017010440659853,21.984392164449538
2025-08-11 08:12:07.962226,CELL_0063,resource_utilization,,,,,,,,,,45.76947587076168,57.394183761974666,96.16196634499607,32.505568644396014
2025-08-11 08:12:07.962226,CELL_0063,network_performance,18.07730572361634,99.40591330880203,0.5834496745062723,1.5365549730673853,34.17829975750024,,,,,,,,
2025-08-11 08:12:07.962226,CELL_0069,service_quality,,,,,,99.50591741438635,100,98.22370417873795,0.3379818822310534,,,,
2025-08-11 08:12:07.962226,CELL_0069,resource_utilization,,,,,,,,,,46.20379820106162,47.56407108767547,46.993702614702684,31.377982941245065
2025-08-11 08:12:07.962226,CELL_0069,network_performance,15.498097643288599,157.34272601843432,0.9692190880896494,2.995893100469729,30.994311975970803,,,,,,,,
2025-08-11 08:12:16.187231,CELL_0080,resource_utilization,,,,,,,,,,26.14039358314712,48.97455643585428,97.7783496997755,28.974911641206464
2025-08-11 08:12:16.187231,CELL_0080,service_quality,,,,,,96.87928785578895,98.4734586258439,98.85471353630413,0.31552264445752315,,,,
2025-08-11 08:12:16.187231,CELL_0080,network_performance,13.995965326459157,147.91299592050746,0.5450409641640839,2.133929504786086,28.761455618622808,,,,,,,,
2025-08-11 08:12:16.187231,CELL_0027,resource_utilization,,,,,,,,,,40.06259882833734,74.15160300092961,51.06193188664845,30.484881901452106
2025-08-11 08:12:16.187231,CELL_0027,network_performance,15.764763590788576,136.88912351470827,0.5584971745060918,1.5840169620843643,32.39954674805141,,,,,,,,
2025-08-11 08:12:16.187231,CELL_0027,service_quality,,,,,,100,98.4653795599996,98.27348033149374,0.4079850288427176,,,,
2025-08-11 08:12:16.187231,CELL_0026,network_performance,13.177100451848453,144.77485094663606,0.2781179854540869,1.6631614106457473,26.55334093199662,,,,,,,,
2025-08-11 08:12:16.187231,CELL_0026,resource_utilization,,,,,,,,,,31.011154639679695,48.134466214043485,100,27.328203162478825
2025-08-11 08:12:16.187231,CELL_0057,service_quality,,,,,,95.96307722024012,95.84679130755657,99.85634485127983,0.3933284498524362,,,,
2025-08-11 08:12:16.187231,CELL_0057,network_performance,13.545075070368839,172.1610360320338,0.7852052528943525,2.155387139929322,28.724434063771376,,,,,,,,
2025-08-11 08:12:16.187231,CELL_0090,service_quality,,,,,,98.86983082909437,100,98.60718028210674,0.3711018117048111,,,,
2025-08-11 08:12:16.187231,CELL_0090,network_performance,10.365137057890108,160.39158592641212,0.28264403468062993,1.7466992253003117,19.72924329183993,,,,,,,,
2025-08-11 08:12:16.187231,CELL_0090,resource_utilization,,,,,,,,,,43.13707643014987,95.90245499869522,88.24497384447805,42.54485765271476
2025-08-11 08:12:16.187231,CELL_0068,service_quality,,,,,,97.44527765617009,95.98977022019837,98.24274504090472,0.35717914421777597,,,,
2025-08-11 08:12:16.187231,CELL_0068,network_performance,14.20859131446606,156.5830130208461,0.6250703939412645,2.5580260528556518,27.89543077122423,,,,,,,,
2025-08-11 08:12:16.187231,CELL_0068,resource_utilization,,,,,,,,,,57.24484225364639,42.25204051293546,61.686733037092125,29.258002235856566
2025-08-11 08:12:16.187231,CELL_0047,resource_utilization,,,,,,,,,,58.336649326391324,59.751260577738734,80.76241690075418,33.4375804481049
2025-08-11 08:12:26.191831,CELL_0048,resource_utilization,,,,,,,,,,60.230879701100356,91.6162797714562,70.84967153729798,19.24136482660028
2025-08-11 08:12:26.191831,CELL_0048,network_performance,14.657560178390746,171.62306567327607,0.36081112569573615,2.2928524683405787,30.143295036043057,,,,,,,,
2025-08-11 08:12:26.191831,CELL_0048,service_quality,,,,,,100,100,100,0.3437769798630971,,,,
2025-08-11 08:12:26.191831,CELL_0019,network_performance,13.500522336264615,154.67981611006465,0.8543069597615658,2.348151677790313,27.679744235336848,,,,,,,,
2025-08-11 08:12:26.191831,CELL_0063,network_performance,10.984552779198452,165.51292123766842,0.3125767061392858,1.9702679911973089,21.224080382312597,,,,,,,,
2025-08-11 08:12:26.191831,CELL_0063,service_quality,,,,,,98.748554384916,94.64695252719164,100,0.15534078706051546,,,,
2025-08-11 08:12:26.191831,CELL_0063,resource_utilization,,,,,,,,,,89.99327069296302,93.39575990898489,100,35.15297600746974
2025-08-11 08:12:26.191831,CELL_0071,network_performance,10.473023169000728,158.6587534058007,0.46420600459197325,1.6177301475664732,20.912702727985167,,,,,,,,
2025-08-11 08:12:36.194179,CELL_0007,resource_utilization,,,,,,,,,,27.97785726144563,15.734240529942952,56.56186788978768,35.46220177443612
2025-08-11 08:12:36.194179,CELL_0096,service_quality,,,,,,99.56876415036346,93.02475286661658,99.09138116452566,0.382250706314353,,,,
2025-08-11 08:12:36.194179,CELL_0096,network_performance,13.487001975513262,162.74900534977732,0.27089827889252527,1.8210061461978084,26.485827261644168,,,,,,,,
2025-08-11 08:12:36.194179,CELL_0096,resource_utilization,,,,,,,,,,53.8694537973566,42.0503828659305,92.52103942322421,25.509367999308957
2025-08-11 08:12:36.194179,CELL_0070,resource_utilization,,,,,,,,,,11.27925254713957,50.08449972457978,71.79357460216197,37.76829284165366
2025-08-11 08:12:36.194179,CELL_0070,service_quality,,,,,,96.92133345562164,95.28135366649764,97.36772103535823,0.25418430880096415,,,,
2025-08-11 08:12:36.194179,CELL_0050,service_quality,,,,,,99.75847695280004,100,99.78798610151095,0.29171872803915494,,,,
2025-08-11 08:12:36.194179,CELL_0050,network_performance,15.614343519911957,189.62858439092645,0.6864029621868108,1.6219573632129292,31.514213266847587,,,,,,,,
2025-08-11 08:12:36.194179,CELL_0088,network_performance,12.134711316320747,120.33646541025459,0.4558682031686062,2.5566409168597852,24.201834264881914,,,,,,,,
2025-08-11 08:12:36.194179,CELL_0084,service_quality,,,,,,98.34590106399419,99.14391091556708,98.29631839210711,0,,,,
2025-08-11 08:12:36.194179,CELL_0084,resource_utilization,,,,,,,,,,20.93388272687831,62.23189522088702,58.701226347237636,54.62026068225603
2025-08-11 08:12:36.194179,CELL_0027,resource_utilization,,,,,,,,,,54.291189652420314,33.91565341617811,77.82116533110131,41.57571373883181
2025-08-11 08:12:36.194179,CELL_0027,network_performance,12.29265671177254,172.784215639004,0.562134085234081,2.412344641797168,25.73479289183214,,,,,,,,
2025-08-11 08:12:36.194179,CELL_0080,network_performance,15.974082778294676,93.81384329659005,0.6231463440035595,2.257632105723998,32.754012453312185,,,,,,,,
2025-08-11 08:12:44.437579,CELL_0059,service_quality,,,,,,97.37244720711418,98.12966178657463,98.48843668702298,0.18875413218418394,,,,
2025-08-11 08:12:44.437579,CELL_0059,resource_utilization,,,,,,,,,,84.45699245755941,81.61197466485757,78.51303896380195,34.08609209503312
2025-08-11 08:12:44.437579,CELL_0072,resource_utilization,,,,,,,,,,72.97356844990007,97.70807802428072,60.532773597777975,44.447980682742966
2025-08-11 08:12:44.437579,CELL_0072,network_performance,14.203449883687872,98.95897556091887,0.8170665357553086,2.205897536513039,28.724133765563565,,,,,,,,
2025-08-11 08:12:44.437579,CELL_0080,resource_utilization,,,,,,,,,,30.33015497258323,27.656523823494865,61.00280756556417,36.29936620153508
2025-08-11 08:12:44.437579,CELL_0001,network_performance,16.30492277882692,208.77558150890556,0.7559180299018198,1.9274747625095001,33.40414507837148,,,,,,,,
2025-08-11 08:12:44.437579,CELL_0001,service_quality,,,,,,95.63328771638541,97.11310895964249,99.65120992576023,0.3435992916935766,,,,
2025-08-11 08:12:44.437579,CELL_0010,network_performance,12.076711103535507,171.33647038753952,1.1381480133235793,1.9370251350961665,22.942228914831393,,,,,,,,
2025-08-11 08:12:44.437579,CELL_0064,network_performance,15.004693066702167,98.80811171610142,0.6065134991047689,1.8310847109751887,29.652727043382935,,,,,,,,
2025-08-11 08:12:54.440415,CELL_0020,resource_utilization,,,,,,,,,,28.076780766716215,65.65045562456761,80.23525310465597,43.26372375055779
2025-08-11 08:12:54.440415,CELL_0020,service_quality,,,,,,100,95.77685251984367,98.5584452382329,0.11968918468719036,,,,
2025-08-11 08:12:54.440415,CELL_0087,service_quality,,,,,,96.9268896392995,97.95603592489942,99.51183335190778,0.3900229150561282,,,,
2025-08-11 08:12:54.440415,CELL_0027,service_quality,,,,,,100,98.66634148367763,99.68735199975704,0.27580815628572397,,,,
2025-08-11 08:12:54.440415,CELL_0027,resource_utilization,,,,,,,,,,48.177820088344085,85.90993242066715,70.52685300565602,34.725083309018444
2025-08-11 08:12:54.440415,CELL_0027,network_performance,19.90347846899698,81.02558932271158,0.57937743769823,1.5857608071739244,38.86467580418781,,,,,,,,
2025-08-11 08:12:54.440415,CELL_0089,service_quality,,,,,,95.79807637966042,98.21706877582695,99.89901368986008,0.32641766621887663,,,,
2025-08-11 08:12:54.440415,CELL_0089,resource_utilization,,,,,,,,,,46.47162524384424,96.61264753702413,7.406990347945033,14.11682338658349
2025-08-11 08:12:54.440415,CELL_0038,resource_utilization,,,,,,,,,,54.90704452345416,76.95892526453672,49.66076804060022,27.66003652669072
2025-08-11 08:12:54.440415,CELL_0038,network_performance,17.578517899269098,145.222004054294,0.1596740445447281,0.5353244581219312,34.67154076093085,,,,,,,,
2025-08-11 08:12:54.440415,CELL_0038,service_quality,,,,,,94.1278480805944,100,97.79955802249695,0.3002873638799657,,,,
2025-08-11 08:12:54.440415,CELL_0016,network_performance,18.96145309654535,134.3321787782277,0.16560357391074837,1.8898646827392644,38.83072204425668,,,,,,,,
2025-08-11 08:12:54.440415,CELL_0016,resource_utilization,,,,,,,,,,56.82254994756894,49.10539609298421,94.5823568065843,12.955306182069574
2025-08-11 08:12:54.440415,CELL_0016,service_quality,,,,,,96.50288309394044,96.3426692416702,99.74052477724871,0.41043621232655103,,,,
2025-08-11 08:12:54.440415,CELL_0081,service_quality,,,,,,95.27426056661739,98.08743642817923,100,0.48820021094159904,,,,
2025-08-11 08:13:04.441353,CELL_0043,network_performance,36.16507060096968,156.46348175182393,1.3427361523499286,1.9524120464877934,71.7428328172934,,,,,,,,
2025-08-11 08:13:04.441353,CELL_0043,service_quality,,,,,,95.95645629542615,95.06018022919255,100,0.16333193850745026,,,,
2025-08-11 08:13:04.441353,CELL_0043,resource_utilization,,,,,,,,,,47.94268478318253,84.95505192534353,44.66439806266543,26.673960430243458
2025-08-11 08:13:04.441353,CELL_0039,network_performance,16.23181755691266,97.5489140460727,0.4597546020742628,3.5355979520872447,29.590918559832986,,,,,,,,
2025-08-11 08:13:04.441353,CELL_0060,network_performance,13.50749127239764,198.8362573024821,0.28737898334713097,1.5704911586057853,26.657720287876536,,,,,,,,
2025-08-11 08:13:04.441353,CELL_0019,resource_utilization,,,,,,,,,,28.74357697025814,69.04174840676508,63.66518424802258,30.91381796397059
2025-08-11 08:13:04.441353,CELL_0061,service_quality,,,,,,98.0896152955712,96.75356481988068,100,0.22801778957891533,,,,
2025-08-11 08:13:04.441353,CELL_0061,network_performance,11.79728522816675,135.13998805252868,0.3832473754616084,1.7524170355526023,22.993654710189237,,,,,,,,
2025-08-11 08:13:04.441353,CELL_0050,network_performance,13.896729112474233,161.35465143215416,0.7690078034712251,2.2842168615470353,29.228798602948352,,,,,,,,
2025-08-11 08:13:04.441353,CELL_0050,resource_utilization,,,,,,,,,,43.03747925079043,85.88894458956077,70.32823920117849,33.70021210612347
2025-08-11 08:13:04.441353,CELL_0050,service_quality,,,,,,97.81758737423604,93.66688000273803,99.12454268165348,0.61097276965492,,,,
2025-08-11 08:13:12.667973,CELL_0044,service_quality,,,,,,98.2745044314221,99.6938572927932,100,0.22327856130636564,,,,
2025-08-11 08:13:12.667973,CELL_0008,network_performance,12.491090429894637,179.82436840634836,0.5904489527104648,1.9970295924169086,26.236625310207263,,,,,,,,
2025-08-11 08:13:12.667973,CELL_0008,resource_utilization,,,,,,,,,,47.55320630906999,61.708172158454886,100,18.80794428632661
2025-08-11 08:13:12.667973,CELL_0008,service_quality,,,,,,98.641452282193,97.9266201505462,98.76183283155527,0.13046208863644773,,,,
2025-08-11 08:13:12.667973,CELL_0022,network_performance,13.125226502864882,124.41671105019383,0.8567797348374138,1.8577279214542297,25.292289462013375,,,,,,,,
2025-08-11 08:13:12.667973,CELL_0022,service_quality,,,,,,98.57789834456447,96.59321461661823,99.82813542612301,0.30678913922796625,,,,
2025-08-11 08:13:12.667973,CELL_0026,network_performance,17.954662024884357,171.30094066654675,0.28675133276497244,1.8765683239614963,36.775532405908585,,,,,,,,
2025-08-11 08:13:12.667973,CELL_0026,service_quality,,,,,,99.76039343801635,98.02294990894514,99.22277983467004,0.5444304012327374,,,,
2025-08-11 08:13:12.667973,CELL_0040,service_quality,,,,,,98.75763586483085,100,100,0.27454997730467295,,,,
2025-08-11 08:13:12.667973,CELL_0040,resource_utilization,,,,,,,,,,52.672185604876795,88.03973016855966,44.056553234558734,24.416678252095608
2025-08-11 08:13:22.682758,CELL_0098,network_performance,19.919794772481403,199.1372764005955,0.5166477125985804,2.3470307680227496,38.977960420978505,,,,,,,,
2025-08-11 08:13:22.682758,CELL_0098,service_quality,,,,,,99.16483540184805,96.56565859458216,100,0.24072478872755437,,,,
2025-08-11 08:13:22.682758,CELL_0098,resource_utilization,,,,,,,,,,41.44839941963002,60.40275467830584,69.9510848184516,31.58591586631087
2025-08-11 08:13:22.682758,CELL_0012,network_performance,16.644789137418993,197.51858383733259,0.6685839091290292,2.1858484955681527,33.51170900477667,,,,,,,,
2025-08-11 08:13:22.682758,CELL_0012,resource_utilization,,,,,,,,,,41.17687561366206,58.52939770929632,100,36.34839878498053
2025-08-11 08:13:22.682758,CELL_0012,service_quality,,,,,,100,100,97.46492911285131,0.2653446867388946,,,,
2025-08-11 08:13:22.682758,CELL_0002,network_performance,14.420264241104027,150.74769602524646,0.5953822101589263,2.2323443155878815,29.575388505902367,,,,,,,,
2025-08-11 08:13:22.682758,CELL_0072,network_performance,19.455899541581005,141.27640240115622,0.600814033236613,1.7696250378889284,39.960707415986455,,,,,,,,
2025-08-11 08:13:22.682758,CELL_0100,service_quality,,,,,,97.25175090559149,97.29147653216286,99.22563099839917,0.4372450877366676,,,,
2025-08-11 08:13:22.682758,CELL_0090,network_performance,16.256973529674095,141.26437768258478,0.21403029334644558,1.97020057487639,33.18799961600687,,,,,,,,
2025-08-11 08:13:22.682758,CELL_0090,resource_utilization,,,,,,,,,,35.457069152395526,53.48354669062211,68.01322288936917,41.87710866584725
2025-08-11 08:13:22.682758,CELL_0090,service_quality,,,,,,98.45281751986084,96.84410042035302,100,0.32992459805159297,,,,
2025-08-11 08:13:22.682758,CELL_0065,resource_utilization,,,,,,,,,,30.456098496992297,74.79729469833985,81.3530550069195,52.4752047333683
2025-08-11 08:13:22.682758,CELL_0014,service_quality,,,,,,97.13321597670186,95.57426191407275,99.48772412390822,0.3507558680042565,,,,
2025-08-11 08:13:32.697565,CELL_0042,resource_utilization,,,,,,,,,,42.69371400270486,78.56989003817361,100,35.5175388812076
2025-08-11 08:13:32.697565,CELL_0042,service_quality,,,,,,98.33568178506512,95.80162315309127,99.40470725764786,0.16492743395879816,,,,
2025-08-11 08:13:32.697565,CELL_0042,network_performance,17.556022544341143,153.4702518176762,0.5287612823088474,1.1701957064817163,35.56333313116409,,,,,,,,
2025-08-11 08:13:32.697565,CELL_0065,network_performance,17.073951857235176,133.95936371799758,0.239169225490739,2.4584834876560175,35.10940338716346,,,,,,,,
2025-08-11 08:13:32.697565,CELL_0033,resource_utilization,,,,,,,,,,10.482611956308972,29.91792037071078,45.32530864446405,20.44176460333298
2025-08-11 08:13:32.697565,CELL_0033,service_quality,,,,,,99.18683947526644,95.1938917968959,98.36104872626747,0.2499015374528391,,,,
2025-08-11 08:13:32.697565,CELL_0093,network_performance,19.156020823134785,169.51292507497953,0.5085792806543808,2.2318442154982194,35.11295738308957,,,,,,,,
2025-08-11 08:13:32.697565,CELL_0057,resource_utilization,,,,,,,,,,68.40390663967324,62.95873505286767,38.349025127732475,42.11380120004364
2025-08-11 08:13:32.697565,CELL_0057,network_performance,17.94252935344162,124.85519106657343,0.5989670287752571,2.437644989325925,37.57915183022803,,,,,,,,
2025-08-11 08:13:32.697565,CELL_0057,service_quality,,,,,,97.09652875587946,91.49871390656207,98.55914773894315,0.3804727161064796,,,,
2025-08-11 08:13:40.940376,CELL_0042,service_quality,,,,,,98.4417267760381,97.37796415553703,100,0.23136378718005118,,,,
2025-08-11 08:13:40.940376,CELL_0016,resource_utilization,,,,,,,,,,18.07244533112164,52.69047606642814,76.11959028694338,17.904878265243745
2025-08-11 08:13:40.940376,CELL_0032,resource_utilization,,,,,,,,,,46.84326848213909,26.87844733782692,50.48823370219078,34.10967655367912
2025-08-11 08:13:40.940376,CELL_0017,resource_utilization,,,,,,,,,,57.1510729277485,48.301536676910814,80.33727669842483,30.11641155141041
2025-08-11 08:13:40.940376,CELL_0044,network_performance,12.047065299861531,241.11917000539728,0.6571416437915495,1.8577611155780838,25.806917439381536,,,,,,,,
2025-08-11 08:13:40.940376,CELL_0044,resource_utilization,,,,,,,,,,34.396496946379955,64.17997688539982,84.15997623154217,17.73067765311924
2025-08-11 08:13:50.940699,CELL_0099,service_quality,,,,,,98.92654869833903,95.55563927006331,99.57007604063186,0.3070326815922768,,,,
2025-08-11 08:13:50.940699,CELL_0036,network_performance,12.888571855775925,171.27006731326247,0,1.4353468709102217,26.16057569772228,,,,,,,,
2025-08-11 08:13:50.940699,CELL_0036,service_quality,,,,,,96.64447163066366,95.8013045371965,99.08862726991714,0.34660969356943533,,,,
2025-08-11 08:13:50.940699,CELL_0058,service_quality,,,,,,100,96.8733595378573,99.67755751372437,0.12703337245829333,,,,
2025-08-11 08:13:50.940699,CELL_0058,network_performance,13.490105825548996,123.8212074926389,0.9388893666717655,1.6365471113607528,28.31690152452539,,,,,,,,
2025-08-11 08:13:50.940699,CELL_0058,resource_utilization,,,,,,,,,,53.024037124553445,50.566469989710725,68.88947906992364,18.98357510844938
2025-08-11 08:13:50.940699,CELL_0041,service_quality,,,,,,95.11908007537123,97.31598658304524,98.84873332690324,0.2798182360331799,,,,
2025-08-11 08:13:50.940699,CELL_0064,resource_utilization,,,,,,,,,,60.55152985059598,61.45193891960293,62.399623043310214,25.727098703289027
2025-08-11 08:13:50.940699,CELL_0064,network_performance,13.460557378543157,124.79151606559373,0.3210200509942674,1.6132540208529025,28.45920968618622,,,,,,,,
2025-08-11 08:13:50.940699,CELL_0064,service_quality,,,,,,95.69893595807113,98.15960981710623,100,0.17365037250825924,,,,
2025-08-11 08:13:50.940699,CELL_0090,service_quality,,,,,,98.83300314195372,100,98.8211034840527,0.33522266270896844,,,,
2025-08-11 08:13:50.940699,CELL_0090,resource_utilization,,,,,,,,,,31.648011959437376,62.47189405360366,79.81440087282996,46.815446311800834
